SET IDENTITY_INSERT [dbo].[Alignment] ON
INSERT INTO [dbo].[Alignment] ([Id], [CharacterAlignment]) VALUES (1, N'Lawful Good')
INSERT INTO [dbo].[Alignment] ([Id], [CharacterAlignment]) VALUES (2, N'Neutral Good')
INSERT INTO [dbo].[Alignment] ([Id], [CharacterAlignment]) VALUES (3, N'Chaotic Good')
INSERT INTO [dbo].[Alignment] ([Id], [CharacterAlignment]) VALUES (4, N'Lawful Neutral')
INSERT INTO [dbo].[Alignment] ([Id], [CharacterAlignment]) VALUES (5, N'Neutral')
INSERT INTO [dbo].[Alignment] ([Id], [CharacterAlignment]) VALUES (6, N'Chaotic Neutral')
INSERT INTO [dbo].[Alignment] ([Id], [CharacterAlignment]) VALUES (7, N'Lawful Evil')
INSERT INTO [dbo].[Alignment] ([Id], [CharacterAlignment]) VALUES (8, N'Neutral Evil')
INSERT INTO [dbo].[Alignment] ([Id], [CharacterAlignment]) VALUES (9, N'Chaotic Evil')
SET IDENTITY_INSERT [dbo].[Alignment] OFF

SET IDENTITY_INSERT [dbo].[Catalyst] ON
INSERT INTO [dbo].[Catalyst] ([Id], [DriveCatalyst]) VALUES (1, N'''The Mothia'': a corrupt family of moths hellbent on controlling all moth-related crime in their city')
INSERT INTO [dbo].[Catalyst] ([Id], [DriveCatalyst]) VALUES (2, N'a tyrannical noble')
INSERT INTO [dbo].[Catalyst] ([Id], [DriveCatalyst]) VALUES (3, N'their mother')
INSERT INTO [dbo].[Catalyst] ([Id], [DriveCatalyst]) VALUES (4, N'their father')
INSERT INTO [dbo].[Catalyst] ([Id], [DriveCatalyst]) VALUES (5, N'a pathological need to make breakfast')
INSERT INTO [dbo].[Catalyst] ([Id], [DriveCatalyst]) VALUES (6, N'the patriarchy')
INSERT INTO [dbo].[Catalyst] ([Id], [DriveCatalyst]) VALUES (7, N'the matriarchy')
INSERT INTO [dbo].[Catalyst] ([Id], [DriveCatalyst]) VALUES (8, N'the coming of the great red flood')
INSERT INTO [dbo].[Catalyst] ([Id], [DriveCatalyst]) VALUES (9, N'a crippling drug addiction')
INSERT INTO [dbo].[Catalyst] ([Id], [DriveCatalyst]) VALUES (10, N'an angry god')
INSERT INTO [dbo].[Catalyst] ([Id], [DriveCatalyst]) VALUES (1003, N'a band of vengeful elves that are seeking retribution against them')
INSERT INTO [dbo].[Catalyst] ([Id], [DriveCatalyst]) VALUES (1004, N'an excessively randy dwarven female')
INSERT INTO [dbo].[Catalyst] ([Id], [DriveCatalyst]) VALUES (1005, N'a mysterious traveller')
INSERT INTO [dbo].[Catalyst] ([Id], [DriveCatalyst]) VALUES (1006, N'a party member they are destined to meet')
INSERT INTO [dbo].[Catalyst] ([Id], [DriveCatalyst]) VALUES (1007, N'an NPC they have yet to meet')
INSERT INTO [dbo].[Catalyst] ([Id], [DriveCatalyst]) VALUES (1008, N'the ''bat-man''')
INSERT INTO [dbo].[Catalyst] ([Id], [DriveCatalyst]) VALUES (1009, N'elves')
INSERT INTO [dbo].[Catalyst] ([Id], [DriveCatalyst]) VALUES (1010, N'gnomes')
INSERT INTO [dbo].[Catalyst] ([Id], [DriveCatalyst]) VALUES (1011, N'overly friendly and inquisitive squirrels')
INSERT INTO [dbo].[Catalyst] ([Id], [DriveCatalyst]) VALUES (1012, N'an estranged lover')
SET IDENTITY_INSERT [dbo].[Catalyst] OFF

SET IDENTITY_INSERT [dbo].[Character] ON
INSERT INTO [dbo].[Character] ([Id], [CharacterName], [ProfessionId], [RaceId], [AlignmentId], [StressId], [FearId], [FlawId], [UserProfileId], [CharacterDrive], [QuirkOne], [QuirkTwo], [QuirkThree]) VALUES (1005, N'Betty', 4, 2, 5, 24, 11, 23, 2, N'Be like the heroes of old , because of ''The Mothia'': a corrupt family of moths hellbent on controlling all moth-related crime in their city', N'you think you are a powerful wizard and you will one day invent time travel', N'you are a wizard and also your weapon(s) talk to you', N'you clip your toenails in public because you rolled a one')
INSERT INTO [dbo].[Character] ([Id], [CharacterName], [ProfessionId], [RaceId], [AlignmentId], [StressId], [FearId], [FlawId], [UserProfileId], [CharacterDrive], [QuirkOne], [QuirkTwo], [QuirkThree]) VALUES (1006, N'Jesticle Molesticle', 1, 24, 5, 31, 4, 13, 2, N'Find out the fate of a loved one , as your family was killed by a tyrannical noble', N'you are a bard because your weapon(s) talk to you', N'the world is a bad place and also you are a sorceror', N'you will one day invent time travel but you think you are a powerful wizard')
INSERT INTO [dbo].[Character] ([Id], [CharacterName], [ProfessionId], [RaceId], [AlignmentId], [StressId], [FearId], [FlawId], [UserProfileId], [CharacterDrive], [QuirkOne], [QuirkTwo], [QuirkThree]) VALUES (1007, N'Jesticle Molesticle', 1, 24, 6, 29, 6, 2, 1, N'Save their tribe because of their love for the patriarchy', N'you are incapable of telling a lie and also your father smelled of elderberries', N'you cannot pronounce your own name correctly and everyone should know you were arrested for petting a tabaxi without consent', N'you are filthy and yet your hands frequently wander without your knowledge')
INSERT INTO [dbo].[Character] ([Id], [CharacterName], [ProfessionId], [RaceId], [AlignmentId], [StressId], [FearId], [FlawId], [UserProfileId], [CharacterDrive], [QuirkOne], [QuirkTwo], [QuirkThree]) VALUES (2002, N'Sporticus', 4, 38, 3, 19, 28, 23, 1, N'Find out the fate of a loved one because of their love for a tyrannical noble', N'you name all of your actions as you execute them in spite of the fact you have crippling performance anxiety', N'you cannot stand to have a wrinkle in your socks and you clip your toenails in public', N'you have a strange accent because you name all of your actions as you execute them')
INSERT INTO [dbo].[Character] ([Id], [CharacterName], [ProfessionId], [RaceId], [AlignmentId], [StressId], [FearId], [FlawId], [UserProfileId], [CharacterDrive], [QuirkOne], [QuirkTwo], [QuirkThree]) VALUES (2003, N'Dr. Bleu, Like the Cheese', 3, 8, 3, 12, 26, 21, 1, N'Seek vengeance on an entire race because they want to destroy the patriarchy', N'you think dwarves are people and everyone should know you will one day invent time travel', N'you are incapable of telling a lie and the world is a bad place', N'you speak only in hypotheticals and your mother was a hampster')
INSERT INTO [dbo].[Character] ([Id], [CharacterName], [ProfessionId], [RaceId], [AlignmentId], [StressId], [FearId], [FlawId], [UserProfileId], [CharacterDrive], [QuirkOne], [QuirkTwo], [QuirkThree]) VALUES (2004, N'Betty Boom', 7, 3, 3, 22, 36, 6, 1, N'Simply maintain the status quo because they are seeking a tyrannical noble', N'you want to be a human and everyone should know you have a stutter', N'the world is a good place and you do not understand figures of speech', N'you speak only in rhymes in spite of the fact you are strangely obsessed with dwarven culture')
INSERT INTO [dbo].[Character] ([Id], [CharacterName], [ProfessionId], [RaceId], [AlignmentId], [StressId], [FearId], [FlawId], [UserProfileId], [CharacterDrive], [QuirkOne], [QuirkTwo], [QuirkThree]) VALUES (2005, N'Johnny ''Thrash'' Metal', 2, 8, 6, 24, 29, 15, 1, N'Make breakfast and they are hindered by the patriarchy', N'you speak only in rhymes and no one can know you are strangely obsessed with dwarven culture', N'you cannot pronounce your own name correctly because you are a bard', N'when you are surprised you get the hiccups and yet you literally believe in love at first sight')
INSERT INTO [dbo].[Character] ([Id], [CharacterName], [ProfessionId], [RaceId], [AlignmentId], [StressId], [FearId], [FlawId], [UserProfileId], [CharacterDrive], [QuirkOne], [QuirkTwo], [QuirkThree]) VALUES (2006, N'Thom', 2, 5, 3, 7, 9, 7, 1, N'Make breakfast because of a pathological need to make breakfast', N'you have a crippling sense of paranoia in spite of the fact you rolled a twenty', N'you wish you were a bard and yet you are a bard', N'you want to be a human and everyone should know you are clean')
SET IDENTITY_INSERT [dbo].[Character] OFF

SET IDENTITY_INSERT [dbo].[Drive] ON
INSERT INTO [dbo].[Drive] ([Id], [DriveTrait]) VALUES (1, N'Gain the favor of a powerful entity')
INSERT INTO [dbo].[Drive] ([Id], [DriveTrait]) VALUES (2, N'Topple a government')
INSERT INTO [dbo].[Drive] ([Id], [DriveTrait]) VALUES (3, N'Become insanely wealthy')
INSERT INTO [dbo].[Drive] ([Id], [DriveTrait]) VALUES (4, N'Murder a noble')
INSERT INTO [dbo].[Drive] ([Id], [DriveTrait]) VALUES (5, N'Murder a race of people')
INSERT INTO [dbo].[Drive] ([Id], [DriveTrait]) VALUES (6, N'Murder a specific person')
INSERT INTO [dbo].[Drive] ([Id], [DriveTrait]) VALUES (7, N'Win the heart of a love interest')
INSERT INTO [dbo].[Drive] ([Id], [DriveTrait]) VALUES (8, N'sabotage a former mentor')
INSERT INTO [dbo].[Drive] ([Id], [DriveTrait]) VALUES (9, N'sabotage relations between two groups of people')
INSERT INTO [dbo].[Drive] ([Id], [DriveTrait]) VALUES (10, N'to be respected')
INSERT INTO [dbo].[Drive] ([Id], [DriveTrait]) VALUES (11, N'find out the fate of a loved one')
INSERT INTO [dbo].[Drive] ([Id], [DriveTrait]) VALUES (12, N'honor their ancestors')
INSERT INTO [dbo].[Drive] ([Id], [DriveTrait]) VALUES (13, N'find a mysterious figure from their past')
INSERT INTO [dbo].[Drive] ([Id], [DriveTrait]) VALUES (14, N'save their country')
INSERT INTO [dbo].[Drive] ([Id], [DriveTrait]) VALUES (15, N'save their tribe')
INSERT INTO [dbo].[Drive] ([Id], [DriveTrait]) VALUES (16, N'become the ruler of a people')
INSERT INTO [dbo].[Drive] ([Id], [DriveTrait]) VALUES (17, N'seek vengeance on a specific individual')
INSERT INTO [dbo].[Drive] ([Id], [DriveTrait]) VALUES (18, N'seek vengeance on an entire race')
INSERT INTO [dbo].[Drive] ([Id], [DriveTrait]) VALUES (19, N'make breakfast')
INSERT INTO [dbo].[Drive] ([Id], [DriveTrait]) VALUES (20, N'seek shelter from a powerful individual')
INSERT INTO [dbo].[Drive] ([Id], [DriveTrait]) VALUES (21, N'be like the heroes of old')
INSERT INTO [dbo].[Drive] ([Id], [DriveTrait]) VALUES (22, N'simply maintain the status quo')
INSERT INTO [dbo].[Drive] ([Id], [DriveTrait]) VALUES (23, N'find a lost book')
INSERT INTO [dbo].[Drive] ([Id], [DriveTrait]) VALUES (24, N'maintain alternate states of consciousness')
INSERT INTO [dbo].[Drive] ([Id], [DriveTrait]) VALUES (25, N'retrieve their shiny rock')
INSERT INTO [dbo].[Drive] ([Id], [DriveTrait]) VALUES (26, N'atone for the actions of their past')
INSERT INTO [dbo].[Drive] ([Id], [DriveTrait]) VALUES (27, N'start a chain of shifty entertainment clubs')
INSERT INTO [dbo].[Drive] ([Id], [DriveTrait]) VALUES (28, N'to prove themselves')
INSERT INTO [dbo].[Drive] ([Id], [DriveTrait]) VALUES (1025, N'have as many children as possible')
INSERT INTO [dbo].[Drive] ([Id], [DriveTrait]) VALUES (1026, N'kill their spouse')
INSERT INTO [dbo].[Drive] ([Id], [DriveTrait]) VALUES (1027, N'kill their brother')
INSERT INTO [dbo].[Drive] ([Id], [DriveTrait]) VALUES (1028, N'kill their sister')
INSERT INTO [dbo].[Drive] ([Id], [DriveTrait]) VALUES (1029, N'write a book')
SET IDENTITY_INSERT [dbo].[Drive] OFF

SET IDENTITY_INSERT [dbo].[DriveFragment] ON
INSERT INTO [dbo].[DriveFragment] ([Id], [FragmentOne], [FragmentTwo]) VALUES (1, NULL, N'as their family was killed by')
INSERT INTO [dbo].[DriveFragment] ([Id], [FragmentOne], [FragmentTwo]) VALUES (2, NULL, N'because of')
INSERT INTO [dbo].[DriveFragment] ([Id], [FragmentOne], [FragmentTwo]) VALUES (3, NULL, N'because they have been hired by')
INSERT INTO [dbo].[DriveFragment] ([Id], [FragmentOne], [FragmentTwo]) VALUES (4, NULL, N'because they are running from')
INSERT INTO [dbo].[DriveFragment] ([Id], [FragmentOne], [FragmentTwo]) VALUES (5, NULL, N'because they are seeking')
INSERT INTO [dbo].[DriveFragment] ([Id], [FragmentOne], [FragmentTwo]) VALUES (6, NULL, N'because they want to destroy')
INSERT INTO [dbo].[DriveFragment] ([Id], [FragmentOne], [FragmentTwo]) VALUES (7, NULL, N'because of their love for')
INSERT INTO [dbo].[DriveFragment] ([Id], [FragmentOne], [FragmentTwo]) VALUES (1003, NULL, N'and they are hindered by')
INSERT INTO [dbo].[DriveFragment] ([Id], [FragmentOne], [FragmentTwo]) VALUES (1004, NULL, N'and they don''t know')
INSERT INTO [dbo].[DriveFragment] ([Id], [FragmentOne], [FragmentTwo]) VALUES (1005, NULL, N'and they are haunted by')
INSERT INTO [dbo].[DriveFragment] ([Id], [FragmentOne], [FragmentTwo]) VALUES (1006, NULL, N'and they cannot speak about')
INSERT INTO [dbo].[DriveFragment] ([Id], [FragmentOne], [FragmentTwo]) VALUES (1007, NULL, N'and they are compelled by')
INSERT INTO [dbo].[DriveFragment] ([Id], [FragmentOne], [FragmentTwo]) VALUES (1008, NULL, N'because they believe in')
INSERT INTO [dbo].[DriveFragment] ([Id], [FragmentOne], [FragmentTwo]) VALUES (1009, NULL, N'because they believe in the power of')
INSERT INTO [dbo].[DriveFragment] ([Id], [FragmentOne], [FragmentTwo]) VALUES (1010, NULL, N'and they will not speak about')
INSERT INTO [dbo].[DriveFragment] ([Id], [FragmentOne], [FragmentTwo]) VALUES (1011, NULL, N'because they will not speak about')
INSERT INTO [dbo].[DriveFragment] ([Id], [FragmentOne], [FragmentTwo]) VALUES (1012, NULL, N'as they were exiled because of')
INSERT INTO [dbo].[DriveFragment] ([Id], [FragmentOne], [FragmentTwo]) VALUES (1013, NULL, N'while they are pursued by')
INSERT INTO [dbo].[DriveFragment] ([Id], [FragmentOne], [FragmentTwo]) VALUES (1014, NULL, N'but they are always interrupted by')
INSERT INTO [dbo].[DriveFragment] ([Id], [FragmentOne], [FragmentTwo]) VALUES (1015, NULL, N'while they constantly hallucinate')
INSERT INTO [dbo].[DriveFragment] ([Id], [FragmentOne], [FragmentTwo]) VALUES (1016, NULL, N'all while constantly rambling about')
INSERT INTO [dbo].[DriveFragment] ([Id], [FragmentOne], [FragmentTwo]) VALUES (1017, NULL, N'but they struggle with grief over')
SET IDENTITY_INSERT [dbo].[DriveFragment] OFF

SET IDENTITY_INSERT [dbo].[Fear] ON
INSERT INTO [dbo].[Fear] ([Id], [FearCharacteristic]) VALUES (1, N'Abandonment')
INSERT INTO [dbo].[Fear] ([Id], [FearCharacteristic]) VALUES (2, N'Amnesia')
INSERT INTO [dbo].[Fear] ([Id], [FearCharacteristic]) VALUES (3, N'Becoming their parents')
INSERT INTO [dbo].[Fear] ([Id], [FearCharacteristic]) VALUES (4, N'Bees')
INSERT INTO [dbo].[Fear] ([Id], [FearCharacteristic]) VALUES (5, N'Being a bad person')
INSERT INTO [dbo].[Fear] ([Id], [FearCharacteristic]) VALUES (6, N'Being a good person')
INSERT INTO [dbo].[Fear] ([Id], [FearCharacteristic]) VALUES (7, N'Being alone')
INSERT INTO [dbo].[Fear] ([Id], [FearCharacteristic]) VALUES (8, N'Being electrocuted')
INSERT INTO [dbo].[Fear] ([Id], [FearCharacteristic]) VALUES (9, N'Being stereotypical')
INSERT INTO [dbo].[Fear] ([Id], [FearCharacteristic]) VALUES (10, N'Being touched')
INSERT INTO [dbo].[Fear] ([Id], [FearCharacteristic]) VALUES (11, N'Being underground')
INSERT INTO [dbo].[Fear] ([Id], [FearCharacteristic]) VALUES (12, N'Being unwanted')
INSERT INTO [dbo].[Fear] ([Id], [FearCharacteristic]) VALUES (13, N'Bears')
INSERT INTO [dbo].[Fear] ([Id], [FearCharacteristic]) VALUES (14, N'Blood')
INSERT INTO [dbo].[Fear] ([Id], [FearCharacteristic]) VALUES (15, N'Bugs')
INSERT INTO [dbo].[Fear] ([Id], [FearCharacteristic]) VALUES (16, N'Cats')
INSERT INTO [dbo].[Fear] ([Id], [FearCharacteristic]) VALUES (17, N'Change')
INSERT INTO [dbo].[Fear] ([Id], [FearCharacteristic]) VALUES (18, N'Commitment')
INSERT INTO [dbo].[Fear] ([Id], [FearCharacteristic]) VALUES (19, N'Corpses')
INSERT INTO [dbo].[Fear] ([Id], [FearCharacteristic]) VALUES (20, N'Crowds')
INSERT INTO [dbo].[Fear] ([Id], [FearCharacteristic]) VALUES (21, N'Death')
INSERT INTO [dbo].[Fear] ([Id], [FearCharacteristic]) VALUES (22, N'Doctors')
INSERT INTO [dbo].[Fear] ([Id], [FearCharacteristic]) VALUES (23, N'Dogs')
INSERT INTO [dbo].[Fear] ([Id], [FearCharacteristic]) VALUES (24, N'Failure')
INSERT INTO [dbo].[Fear] ([Id], [FearCharacteristic]) VALUES (25, N'Falling')
INSERT INTO [dbo].[Fear] ([Id], [FearCharacteristic]) VALUES (26, N'Feeling trapped')
INSERT INTO [dbo].[Fear] ([Id], [FearCharacteristic]) VALUES (27, N'Fire')
INSERT INTO [dbo].[Fear] ([Id], [FearCharacteristic]) VALUES (28, N'Getting Lost')
INSERT INTO [dbo].[Fear] ([Id], [FearCharacteristic]) VALUES (29, N'Getting older')
INSERT INTO [dbo].[Fear] ([Id], [FearCharacteristic]) VALUES (30, N'Ghosts')
INSERT INTO [dbo].[Fear] ([Id], [FearCharacteristic]) VALUES (31, N'Gods')
INSERT INTO [dbo].[Fear] ([Id], [FearCharacteristic]) VALUES (32, N'Heights')
INSERT INTO [dbo].[Fear] ([Id], [FearCharacteristic]) VALUES (33, N'Intimacy')
INSERT INTO [dbo].[Fear] ([Id], [FearCharacteristic]) VALUES (34, N'Leadership')
INSERT INTO [dbo].[Fear] ([Id], [FearCharacteristic]) VALUES (35, N'Loss')
INSERT INTO [dbo].[Fear] ([Id], [FearCharacteristic]) VALUES (36, N'Old people')
INSERT INTO [dbo].[Fear] ([Id], [FearCharacteristic]) VALUES (37, N'Open spaces')
INSERT INTO [dbo].[Fear] ([Id], [FearCharacteristic]) VALUES (38, N'Pain')
INSERT INTO [dbo].[Fear] ([Id], [FearCharacteristic]) VALUES (39, N'Power')
INSERT INTO [dbo].[Fear] ([Id], [FearCharacteristic]) VALUES (40, N'Rain')
INSERT INTO [dbo].[Fear] ([Id], [FearCharacteristic]) VALUES (41, N'Rats')
INSERT INTO [dbo].[Fear] ([Id], [FearCharacteristic]) VALUES (42, N'Rejection')
INSERT INTO [dbo].[Fear] ([Id], [FearCharacteristic]) VALUES (43, N'Sick people')
INSERT INTO [dbo].[Fear] ([Id], [FearCharacteristic]) VALUES (44, N'Slow death')
INSERT INTO [dbo].[Fear] ([Id], [FearCharacteristic]) VALUES (45, N'Small spaces')
INSERT INTO [dbo].[Fear] ([Id], [FearCharacteristic]) VALUES (46, N'Snakes')
INSERT INTO [dbo].[Fear] ([Id], [FearCharacteristic]) VALUES (47, N'Spiders')
INSERT INTO [dbo].[Fear] ([Id], [FearCharacteristic]) VALUES (48, N'The dark')
INSERT INTO [dbo].[Fear] ([Id], [FearCharacteristic]) VALUES (49, N'The outdoors')
INSERT INTO [dbo].[Fear] ([Id], [FearCharacteristic]) VALUES (50, N'The unknown')
INSERT INTO [dbo].[Fear] ([Id], [FearCharacteristic]) VALUES (51, N'Themselves')
INSERT INTO [dbo].[Fear] ([Id], [FearCharacteristic]) VALUES (52, N'Thunder')
INSERT INTO [dbo].[Fear] ([Id], [FearCharacteristic]) VALUES (53, N'Violence')
INSERT INTO [dbo].[Fear] ([Id], [FearCharacteristic]) VALUES (54, N'Drowning')
SET IDENTITY_INSERT [dbo].[Fear] OFF

SET IDENTITY_INSERT [dbo].[Flaw] ON
INSERT INTO [dbo].[Flaw] ([Id], [FlawCharacteristic]) VALUES (1, N'Spiteful')
INSERT INTO [dbo].[Flaw] ([Id], [FlawCharacteristic]) VALUES (2, N'Petty')
INSERT INTO [dbo].[Flaw] ([Id], [FlawCharacteristic]) VALUES (3, N'Cowardly')
INSERT INTO [dbo].[Flaw] ([Id], [FlawCharacteristic]) VALUES (4, N'Dishonest')
INSERT INTO [dbo].[Flaw] ([Id], [FlawCharacteristic]) VALUES (5, N'Cruel')
INSERT INTO [dbo].[Flaw] ([Id], [FlawCharacteristic]) VALUES (6, N'Naive')
INSERT INTO [dbo].[Flaw] ([Id], [FlawCharacteristic]) VALUES (7, N'Gullible')
INSERT INTO [dbo].[Flaw] ([Id], [FlawCharacteristic]) VALUES (8, N'Messy')
INSERT INTO [dbo].[Flaw] ([Id], [FlawCharacteristic]) VALUES (9, N'Insincere')
INSERT INTO [dbo].[Flaw] ([Id], [FlawCharacteristic]) VALUES (10, N'Arrogant')
INSERT INTO [dbo].[Flaw] ([Id], [FlawCharacteristic]) VALUES (11, N'Vengeful')
INSERT INTO [dbo].[Flaw] ([Id], [FlawCharacteristic]) VALUES (12, N'Delusional')
INSERT INTO [dbo].[Flaw] ([Id], [FlawCharacteristic]) VALUES (13, N'Uncontrollable rage')
INSERT INTO [dbo].[Flaw] ([Id], [FlawCharacteristic]) VALUES (14, N'Selfish')
INSERT INTO [dbo].[Flaw] ([Id], [FlawCharacteristic]) VALUES (15, N'Hypocritical')
INSERT INTO [dbo].[Flaw] ([Id], [FlawCharacteristic]) VALUES (16, N'Lazy')
INSERT INTO [dbo].[Flaw] ([Id], [FlawCharacteristic]) VALUES (17, N'Entitled')
INSERT INTO [dbo].[Flaw] ([Id], [FlawCharacteristic]) VALUES (18, N'Prejudice')
INSERT INTO [dbo].[Flaw] ([Id], [FlawCharacteristic]) VALUES (19, N'Defensive')
INSERT INTO [dbo].[Flaw] ([Id], [FlawCharacteristic]) VALUES (20, N'Prudish')
INSERT INTO [dbo].[Flaw] ([Id], [FlawCharacteristic]) VALUES (21, N'Unfair')
INSERT INTO [dbo].[Flaw] ([Id], [FlawCharacteristic]) VALUES (22, N'Tactless')
INSERT INTO [dbo].[Flaw] ([Id], [FlawCharacteristic]) VALUES (23, N'Paranoid')
SET IDENTITY_INSERT [dbo].[Flaw] OFF

SET IDENTITY_INSERT [dbo].[Profession] ON
INSERT INTO [dbo].[Profession] ([Id], [CharacterProfession]) VALUES (1, N'Barbarian')
INSERT INTO [dbo].[Profession] ([Id], [CharacterProfession]) VALUES (2, N'Bard')
INSERT INTO [dbo].[Profession] ([Id], [CharacterProfession]) VALUES (3, N'Cleric')
INSERT INTO [dbo].[Profession] ([Id], [CharacterProfession]) VALUES (4, N'Druid')
INSERT INTO [dbo].[Profession] ([Id], [CharacterProfession]) VALUES (5, N'Fighter')
INSERT INTO [dbo].[Profession] ([Id], [CharacterProfession]) VALUES (6, N'Monk')
INSERT INTO [dbo].[Profession] ([Id], [CharacterProfession]) VALUES (7, N'Paladin')
INSERT INTO [dbo].[Profession] ([Id], [CharacterProfession]) VALUES (8, N'Ranger')
INSERT INTO [dbo].[Profession] ([Id], [CharacterProfession]) VALUES (9, N'Rogue')
INSERT INTO [dbo].[Profession] ([Id], [CharacterProfession]) VALUES (10, N'Sorceror')
INSERT INTO [dbo].[Profession] ([Id], [CharacterProfession]) VALUES (11, N'Warlock')
INSERT INTO [dbo].[Profession] ([Id], [CharacterProfession]) VALUES (12, N'Wizard')
INSERT INTO [dbo].[Profession] ([Id], [CharacterProfession]) VALUES (13, N'Artificer')
SET IDENTITY_INSERT [dbo].[Profession] OFF

SET IDENTITY_INSERT [dbo].[Quirk] ON
INSERT INTO [dbo].[Quirk] ([Id], [CharacterQuirk]) VALUES (1, N'you are sexually attracted to furniture')
INSERT INTO [dbo].[Quirk] ([Id], [CharacterQuirk]) VALUES (2, N'you believe you are a squirrel')
INSERT INTO [dbo].[Quirk] ([Id], [CharacterQuirk]) VALUES (3, N'you have a dark sense of humor')
INSERT INTO [dbo].[Quirk] ([Id], [CharacterQuirk]) VALUES (4, N'you are literally Eeyore')
INSERT INTO [dbo].[Quirk] ([Id], [CharacterQuirk]) VALUES (5, N'you think elves are actually people')
INSERT INTO [dbo].[Quirk] ([Id], [CharacterQuirk]) VALUES (6, N'you have a stutter')
INSERT INTO [dbo].[Quirk] ([Id], [CharacterQuirk]) VALUES (7, N'you pick up strange signals from another universe')
INSERT INTO [dbo].[Quirk] ([Id], [CharacterQuirk]) VALUES (8, N'you are strangely obsessed with dwarven culture')
INSERT INTO [dbo].[Quirk] ([Id], [CharacterQuirk]) VALUES (9, N'you think dwarves are people')
INSERT INTO [dbo].[Quirk] ([Id], [CharacterQuirk]) VALUES (10, N'you think humans are actually worthwhile')
INSERT INTO [dbo].[Quirk] ([Id], [CharacterQuirk]) VALUES (11, N'you want to be a dwarf')
INSERT INTO [dbo].[Quirk] ([Id], [CharacterQuirk]) VALUES (12, N'you want to be a human')
INSERT INTO [dbo].[Quirk] ([Id], [CharacterQuirk]) VALUES (13, N'you want to be an elf')
INSERT INTO [dbo].[Quirk] ([Id], [CharacterQuirk]) VALUES (14, N'you were arrested for petting a tabaxi without consent')
INSERT INTO [dbo].[Quirk] ([Id], [CharacterQuirk]) VALUES (15, N'you think you are a superhero')
INSERT INTO [dbo].[Quirk] ([Id], [CharacterQuirk]) VALUES (16, N'you don''t have any money')
INSERT INTO [dbo].[Quirk] ([Id], [CharacterQuirk]) VALUES (17, N'you think you are a powerful wizard')
INSERT INTO [dbo].[Quirk] ([Id], [CharacterQuirk]) VALUES (18, N'you think you are a powerful sorceror')
INSERT INTO [dbo].[Quirk] ([Id], [CharacterQuirk]) VALUES (19, N'you wish you were a bard')
INSERT INTO [dbo].[Quirk] ([Id], [CharacterQuirk]) VALUES (20, N'you wish you were capable of mortal combat')
INSERT INTO [dbo].[Quirk] ([Id], [CharacterQuirk]) VALUES (21, N'you are actually a bard')
INSERT INTO [dbo].[Quirk] ([Id], [CharacterQuirk]) VALUES (22, N'you are actually a sorceror')
INSERT INTO [dbo].[Quirk] ([Id], [CharacterQuirk]) VALUES (23, N'you are actually a wizard')
INSERT INTO [dbo].[Quirk] ([Id], [CharacterQuirk]) VALUES (24, N'you rolled a twenty')
INSERT INTO [dbo].[Quirk] ([Id], [CharacterQuirk]) VALUES (25, N'you rolled a one')
INSERT INTO [dbo].[Quirk] ([Id], [CharacterQuirk]) VALUES (26, N'the world is ending')
INSERT INTO [dbo].[Quirk] ([Id], [CharacterQuirk]) VALUES (27, N'the world is a bad place')
INSERT INTO [dbo].[Quirk] ([Id], [CharacterQuirk]) VALUES (28, N'the world is a good place')
INSERT INTO [dbo].[Quirk] ([Id], [CharacterQuirk]) VALUES (29, N'your weapon(s) talk to you')
INSERT INTO [dbo].[Quirk] ([Id], [CharacterQuirk]) VALUES (30, N'you talk to your weapon(s)')
INSERT INTO [dbo].[Quirk] ([Id], [CharacterQuirk]) VALUES (31, N'your mother was a hampster')
INSERT INTO [dbo].[Quirk] ([Id], [CharacterQuirk]) VALUES (32, N'your father smelled of elderberries')
INSERT INTO [dbo].[Quirk] ([Id], [CharacterQuirk]) VALUES (33, N'you have become buttered toast')
INSERT INTO [dbo].[Quirk] ([Id], [CharacterQuirk]) VALUES (34, N'you will one day invent time travel')
INSERT INTO [dbo].[Quirk] ([Id], [CharacterQuirk]) VALUES (35, N'you are filthy rich')
INSERT INTO [dbo].[Quirk] ([Id], [CharacterQuirk]) VALUES (36, N'you are filthy')
INSERT INTO [dbo].[Quirk] ([Id], [CharacterQuirk]) VALUES (37, N'you are clean')
INSERT INTO [dbo].[Quirk] ([Id], [CharacterQuirk]) VALUES (38, N'you have never had a single bath in your entire life')
INSERT INTO [dbo].[Quirk] ([Id], [CharacterQuirk]) VALUES (39, N'you believe gods are really aliens')
INSERT INTO [dbo].[Quirk] ([Id], [CharacterQuirk]) VALUES (40, N'you are unsure of how things are supposed to work')
INSERT INTO [dbo].[Quirk] ([Id], [CharacterQuirk]) VALUES (41, N'you clip your toenails in public')
INSERT INTO [dbo].[Quirk] ([Id], [CharacterQuirk]) VALUES (42, N'you bite your fingernails')
INSERT INTO [dbo].[Quirk] ([Id], [CharacterQuirk]) VALUES (43, N'you have a nervous tic')
INSERT INTO [dbo].[Quirk] ([Id], [CharacterQuirk]) VALUES (44, N'you can''t stop blinking')
INSERT INTO [dbo].[Quirk] ([Id], [CharacterQuirk]) VALUES (45, N'you have a strange accent')
INSERT INTO [dbo].[Quirk] ([Id], [CharacterQuirk]) VALUES (46, N'you say everything twice')
INSERT INTO [dbo].[Quirk] ([Id], [CharacterQuirk]) VALUES (47, N'you do not use the word ''the'' when you speak')
INSERT INTO [dbo].[Quirk] ([Id], [CharacterQuirk]) VALUES (48, N'you are afraid of things that start with the letter ''M''')
INSERT INTO [dbo].[Quirk] ([Id], [CharacterQuirk]) VALUES (1009, N'you do not understand social conventions')
INSERT INTO [dbo].[Quirk] ([Id], [CharacterQuirk]) VALUES (1010, N'you do not understand figures of speech')
INSERT INTO [dbo].[Quirk] ([Id], [CharacterQuirk]) VALUES (1011, N'you assume every creature you encounter wants to be your friend')
INSERT INTO [dbo].[Quirk] ([Id], [CharacterQuirk]) VALUES (1012, N'you have a crippling sense of paranoia')
INSERT INTO [dbo].[Quirk] ([Id], [CharacterQuirk]) VALUES (1013, N'you are incapable of telling a lie')
INSERT INTO [dbo].[Quirk] ([Id], [CharacterQuirk]) VALUES (1014, N'you are completely obsessed with cheese')
INSERT INTO [dbo].[Quirk] ([Id], [CharacterQuirk]) VALUES (1015, N'you are plagued by multiple, competing personalities')
INSERT INTO [dbo].[Quirk] ([Id], [CharacterQuirk]) VALUES (1016, N'you are completely incapable of remembering names')
INSERT INTO [dbo].[Quirk] ([Id], [CharacterQuirk]) VALUES (1017, N'you have a penchant for elaborate speeches')
INSERT INTO [dbo].[Quirk] ([Id], [CharacterQuirk]) VALUES (1018, N'you have crippling performance anxiety')
INSERT INTO [dbo].[Quirk] ([Id], [CharacterQuirk]) VALUES (1019, N'you''re obsessed with personal hygeine')
INSERT INTO [dbo].[Quirk] ([Id], [CharacterQuirk]) VALUES (1020, N'you hate getting wet')
INSERT INTO [dbo].[Quirk] ([Id], [CharacterQuirk]) VALUES (1021, N'you have a lisp and actively avoid words with the letter ''S''')
INSERT INTO [dbo].[Quirk] ([Id], [CharacterQuirk]) VALUES (1022, N'when you are surprised you get the hiccups')
INSERT INTO [dbo].[Quirk] ([Id], [CharacterQuirk]) VALUES (1023, N'you literally believe in love at first sight')
INSERT INTO [dbo].[Quirk] ([Id], [CharacterQuirk]) VALUES (1024, N'you always try to pet furry animals')
INSERT INTO [dbo].[Quirk] ([Id], [CharacterQuirk]) VALUES (1025, N'you cannot stand to have a wrinkle in your socks')
INSERT INTO [dbo].[Quirk] ([Id], [CharacterQuirk]) VALUES (1026, N'you speak only in rhymes')
INSERT INTO [dbo].[Quirk] ([Id], [CharacterQuirk]) VALUES (1027, N'you tell the same stories every day')
INSERT INTO [dbo].[Quirk] ([Id], [CharacterQuirk]) VALUES (1028, N'you cannot pronounce your own name correctly')
INSERT INTO [dbo].[Quirk] ([Id], [CharacterQuirk]) VALUES (1029, N'you believe everyone taller than you is on stilts')
INSERT INTO [dbo].[Quirk] ([Id], [CharacterQuirk]) VALUES (1030, N'you name all of your actions as you execute them')
INSERT INTO [dbo].[Quirk] ([Id], [CharacterQuirk]) VALUES (1031, N'your hands frequently wander without your knowledge')
INSERT INTO [dbo].[Quirk] ([Id], [CharacterQuirk]) VALUES (1032, N'you speak only in hypotheticals')
INSERT INTO [dbo].[Quirk] ([Id], [CharacterQuirk]) VALUES (2009, N'you are prone to self-sabotaging behavior')
INSERT INTO [dbo].[Quirk] ([Id], [CharacterQuirk]) VALUES (2010, N'you often make strange noises')
SET IDENTITY_INSERT [dbo].[Quirk] OFF

SET IDENTITY_INSERT [dbo].[QuirkFragment] ON
INSERT INTO [dbo].[QuirkFragment] ([Id], [FragmentOne], [FragmentTwo]) VALUES (1, NULL, N'because')
INSERT INTO [dbo].[QuirkFragment] ([Id], [FragmentOne], [FragmentTwo]) VALUES (2, NULL, N'and yet')
INSERT INTO [dbo].[QuirkFragment] ([Id], [FragmentOne], [FragmentTwo]) VALUES (3, NULL, N'even though')
INSERT INTO [dbo].[QuirkFragment] ([Id], [FragmentOne], [FragmentTwo]) VALUES (4, NULL, N'in spite of the fact')
INSERT INTO [dbo].[QuirkFragment] ([Id], [FragmentOne], [FragmentTwo]) VALUES (5, NULL, N'and yet')
INSERT INTO [dbo].[QuirkFragment] ([Id], [FragmentOne], [FragmentTwo]) VALUES (6, NULL, N'and also')
INSERT INTO [dbo].[QuirkFragment] ([Id], [FragmentOne], [FragmentTwo]) VALUES (7, NULL, N'and')
INSERT INTO [dbo].[QuirkFragment] ([Id], [FragmentOne], [FragmentTwo]) VALUES (8, NULL, N'but')
INSERT INTO [dbo].[QuirkFragment] ([Id], [FragmentOne], [FragmentTwo]) VALUES (9, NULL, N'but no one nows how badly')
INSERT INTO [dbo].[QuirkFragment] ([Id], [FragmentOne], [FragmentTwo]) VALUES (10, NULL, N'and no one can know')
INSERT INTO [dbo].[QuirkFragment] ([Id], [FragmentOne], [FragmentTwo]) VALUES (11, NULL, N'and everyone should know')
INSERT INTO [dbo].[QuirkFragment] ([Id], [FragmentOne], [FragmentTwo]) VALUES (1006, NULL, N'so')
INSERT INTO [dbo].[QuirkFragment] ([Id], [FragmentOne], [FragmentTwo]) VALUES (1007, NULL, N'but no one knows that')
INSERT INTO [dbo].[QuirkFragment] ([Id], [FragmentOne], [FragmentTwo]) VALUES (1008, NULL, N'as if')
INSERT INTO [dbo].[QuirkFragment] ([Id], [FragmentOne], [FragmentTwo]) VALUES (1009, NULL, N'as long as')
INSERT INTO [dbo].[QuirkFragment] ([Id], [FragmentOne], [FragmentTwo]) VALUES (1010, NULL, N'so that')
INSERT INTO [dbo].[QuirkFragment] ([Id], [FragmentOne], [FragmentTwo]) VALUES (1011, NULL, N'in case')
INSERT INTO [dbo].[QuirkFragment] ([Id], [FragmentOne], [FragmentTwo]) VALUES (1012, NULL, N'since')
INSERT INTO [dbo].[QuirkFragment] ([Id], [FragmentOne], [FragmentTwo]) VALUES (1013, NULL, N'until')
SET IDENTITY_INSERT [dbo].[QuirkFragment] OFF

SET IDENTITY_INSERT [dbo].[Race] ON
INSERT INTO [dbo].[Race] ([Id], [CharacterRace]) VALUES (1, N'Dragonborn')
INSERT INTO [dbo].[Race] ([Id], [CharacterRace]) VALUES (2, N'Dwarf')
INSERT INTO [dbo].[Race] ([Id], [CharacterRace]) VALUES (3, N'Elf')
INSERT INTO [dbo].[Race] ([Id], [CharacterRace]) VALUES (4, N'Gnome')
INSERT INTO [dbo].[Race] ([Id], [CharacterRace]) VALUES (5, N'Half-Elf')
INSERT INTO [dbo].[Race] ([Id], [CharacterRace]) VALUES (6, N'Half-Orc')
INSERT INTO [dbo].[Race] ([Id], [CharacterRace]) VALUES (7, N'Halfling')
INSERT INTO [dbo].[Race] ([Id], [CharacterRace]) VALUES (8, N'Human')
INSERT INTO [dbo].[Race] ([Id], [CharacterRace]) VALUES (9, N'Tiefling')
INSERT INTO [dbo].[Race] ([Id], [CharacterRace]) VALUES (10, N'Aarakocra')
INSERT INTO [dbo].[Race] ([Id], [CharacterRace]) VALUES (11, N'Aasimar')
INSERT INTO [dbo].[Race] ([Id], [CharacterRace]) VALUES (12, N'Bugbear')
INSERT INTO [dbo].[Race] ([Id], [CharacterRace]) VALUES (13, N'Centaur')
INSERT INTO [dbo].[Race] ([Id], [CharacterRace]) VALUES (14, N'Changeling')
INSERT INTO [dbo].[Race] ([Id], [CharacterRace]) VALUES (15, N'Deep Gnome')
INSERT INTO [dbo].[Race] ([Id], [CharacterRace]) VALUES (16, N'Duergar')
INSERT INTO [dbo].[Race] ([Id], [CharacterRace]) VALUES (17, N'Eladrin')
INSERT INTO [dbo].[Race] ([Id], [CharacterRace]) VALUES (18, N'Fairy')
INSERT INTO [dbo].[Race] ([Id], [CharacterRace]) VALUES (19, N'Firbolg')
INSERT INTO [dbo].[Race] ([Id], [CharacterRace]) VALUES (20, N'Genasi')
INSERT INTO [dbo].[Race] ([Id], [CharacterRace]) VALUES (21, N'Githyanki')
INSERT INTO [dbo].[Race] ([Id], [CharacterRace]) VALUES (22, N'Githzerai')
INSERT INTO [dbo].[Race] ([Id], [CharacterRace]) VALUES (23, N'Goblin')
INSERT INTO [dbo].[Race] ([Id], [CharacterRace]) VALUES (24, N'Goliath')
INSERT INTO [dbo].[Race] ([Id], [CharacterRace]) VALUES (25, N'Harengon')
INSERT INTO [dbo].[Race] ([Id], [CharacterRace]) VALUES (26, N'Hobgoblin')
INSERT INTO [dbo].[Race] ([Id], [CharacterRace]) VALUES (27, N'Kenku')
INSERT INTO [dbo].[Race] ([Id], [CharacterRace]) VALUES (28, N'Kobold')
INSERT INTO [dbo].[Race] ([Id], [CharacterRace]) VALUES (29, N'Lizardfolk')
INSERT INTO [dbo].[Race] ([Id], [CharacterRace]) VALUES (30, N'Leonin')
INSERT INTO [dbo].[Race] ([Id], [CharacterRace]) VALUES (31, N'Minotaur')
INSERT INTO [dbo].[Race] ([Id], [CharacterRace]) VALUES (32, N'Orc')
INSERT INTO [dbo].[Race] ([Id], [CharacterRace]) VALUES (33, N'Satyr')
INSERT INTO [dbo].[Race] ([Id], [CharacterRace]) VALUES (34, N'Sea Elf')
INSERT INTO [dbo].[Race] ([Id], [CharacterRace]) VALUES (35, N'Shadar-Kai')
INSERT INTO [dbo].[Race] ([Id], [CharacterRace]) VALUES (36, N'Shifter')
INSERT INTO [dbo].[Race] ([Id], [CharacterRace]) VALUES (37, N'Tabaxi')
INSERT INTO [dbo].[Race] ([Id], [CharacterRace]) VALUES (38, N'Tortle')
INSERT INTO [dbo].[Race] ([Id], [CharacterRace]) VALUES (39, N'Triton')
INSERT INTO [dbo].[Race] ([Id], [CharacterRace]) VALUES (40, N'Yuan-Ti')
SET IDENTITY_INSERT [dbo].[Race] OFF

SET IDENTITY_INSERT [dbo].[Stress] ON
INSERT INTO [dbo].[Stress] ([Id], [StressedCharacteristic]) VALUES (1, N'Withdrawn')
INSERT INTO [dbo].[Stress] ([Id], [StressedCharacteristic]) VALUES (2, N'Murderous')
INSERT INTO [dbo].[Stress] ([Id], [StressedCharacteristic]) VALUES (3, N'Obsessive')
INSERT INTO [dbo].[Stress] ([Id], [StressedCharacteristic]) VALUES (4, N'Authoritarian')
INSERT INTO [dbo].[Stress] ([Id], [StressedCharacteristic]) VALUES (5, N'Determined')
INSERT INTO [dbo].[Stress] ([Id], [StressedCharacteristic]) VALUES (6, N'Brave')
INSERT INTO [dbo].[Stress] ([Id], [StressedCharacteristic]) VALUES (7, N'Spiteful')
INSERT INTO [dbo].[Stress] ([Id], [StressedCharacteristic]) VALUES (8, N'Belligerent')
INSERT INTO [dbo].[Stress] ([Id], [StressedCharacteristic]) VALUES (9, N'Caustic')
INSERT INTO [dbo].[Stress] ([Id], [StressedCharacteristic]) VALUES (10, N'Reckless')
INSERT INTO [dbo].[Stress] ([Id], [StressedCharacteristic]) VALUES (11, N'Argumentative')
INSERT INTO [dbo].[Stress] ([Id], [StressedCharacteristic]) VALUES (12, N'Gluttonous')
INSERT INTO [dbo].[Stress] ([Id], [StressedCharacteristic]) VALUES (13, N'Overly protective')
INSERT INTO [dbo].[Stress] ([Id], [StressedCharacteristic]) VALUES (14, N'Angry')
INSERT INTO [dbo].[Stress] ([Id], [StressedCharacteristic]) VALUES (15, N'Cowardly')
INSERT INTO [dbo].[Stress] ([Id], [StressedCharacteristic]) VALUES (16, N'Meticulous')
INSERT INTO [dbo].[Stress] ([Id], [StressedCharacteristic]) VALUES (17, N'Sarcastic')
INSERT INTO [dbo].[Stress] ([Id], [StressedCharacteristic]) VALUES (18, N'Stubborn')
INSERT INTO [dbo].[Stress] ([Id], [StressedCharacteristic]) VALUES (19, N'Destructive')
INSERT INTO [dbo].[Stress] ([Id], [StressedCharacteristic]) VALUES (20, N'Practical')
INSERT INTO [dbo].[Stress] ([Id], [StressedCharacteristic]) VALUES (21, N'Pushy')
INSERT INTO [dbo].[Stress] ([Id], [StressedCharacteristic]) VALUES (22, N'Fanatical')
INSERT INTO [dbo].[Stress] ([Id], [StressedCharacteristic]) VALUES (23, N'Secretive')
INSERT INTO [dbo].[Stress] ([Id], [StressedCharacteristic]) VALUES (24, N'Scornful')
INSERT INTO [dbo].[Stress] ([Id], [StressedCharacteristic]) VALUES (25, N'Courageous')
INSERT INTO [dbo].[Stress] ([Id], [StressedCharacteristic]) VALUES (26, N'Impractical')
INSERT INTO [dbo].[Stress] ([Id], [StressedCharacteristic]) VALUES (27, N'Calculating')
INSERT INTO [dbo].[Stress] ([Id], [StressedCharacteristic]) VALUES (28, N'Industrious')
INSERT INTO [dbo].[Stress] ([Id], [StressedCharacteristic]) VALUES (29, N'Manipulative')
INSERT INTO [dbo].[Stress] ([Id], [StressedCharacteristic]) VALUES (30, N'Destructive')
INSERT INTO [dbo].[Stress] ([Id], [StressedCharacteristic]) VALUES (31, N'Compulsive')
INSERT INTO [dbo].[Stress] ([Id], [StressedCharacteristic]) VALUES (32, N'Intolerant')
SET IDENTITY_INSERT [dbo].[Stress] OFF

SET IDENTITY_INSERT [dbo].[UserProfile] ON
INSERT INTO [dbo].[UserProfile] ([Id], [Email], [FirebaseId]) VALUES (1, N'chris@chris.com', N'L7NUD92Y3bYdD3UePqhEu1H4D6d2')
INSERT INTO [dbo].[UserProfile] ([Id], [Email], [FirebaseId]) VALUES (2, N'billy@billy.com', N'mOqiRY06J6N9bexWXFHtKoQu3dj2')
INSERT INTO [dbo].[UserProfile] ([Id], [Email], [FirebaseId]) VALUES (3, N'satan@satan.com', N'WTKAjMguXCaNlmL5D385QYmhzrx2')
SET IDENTITY_INSERT [dbo].[UserProfile] OFF

